year,TOPEX/Poseidon,Jason-1,Jason-2,Jason-3,Sentinel-6MF
1992.9614,-14.57,NA,NA,NA,NA
1992.9865,-19.17,NA,NA,NA,NA
1993.0123,-21.97,NA,NA,NA,NA
1993.0406,-23.27,NA,NA,NA,NA
1993.0641,-24.57,NA,NA,NA,NA
1993.0975,-24.87,NA,NA,NA,NA
1993.1206,-24.37,NA,NA,NA,NA
1993.1493,-23.67,NA,NA,NA,NA
1993.1765,-23.87,NA,NA,NA,NA
1993.2037,-23.47,NA,NA,NA,NA
1993.2308,-24.27,NA,NA,NA,NA
1993.2851,-24.57,NA,NA,NA,NA
1993.3123,-22.17,NA,NA,NA,NA
1993.3394,-23.97,NA,NA,NA,NA
1993.3665,-26.07,NA,NA,NA,NA
1993.3937,-25.97,NA,NA,NA,NA
1993.4208,-25.77,NA,NA,NA,NA
1993.448,-24.37,NA,NA,NA,NA
1993.4741,-22.07,NA,NA,NA,NA
1993.5023,-22.17,NA,NA,NA,NA
1993.5294,-22.47,NA,NA,NA,NA
1993.5837,-22.27,NA,NA,NA,NA
1993.6117,-20.87,NA,NA,NA,NA
1993.6381,-17.07,NA,NA,NA,NA
1993.6652,-15.17,NA,NA,NA,NA
1993.6924,-16.07,NA,NA,NA,NA
1993.7189,-16.87,NA,NA,NA,NA
1993.7466,-13.07,NA,NA,NA,NA
1993.7738,-7.17,NA,NA,NA,NA
1993.8009,-8.87,NA,NA,NA,NA
1993.8553,-11.47,NA,NA,NA,NA
1993.8824,-13.07,NA,NA,NA,NA
1993.9097,-13.27,NA,NA,NA,NA
1993.9367,-10.97,NA,NA,NA,NA
1993.9638,-7.77,NA,NA,NA,NA
1993.9907,-11.87,NA,NA,NA,NA
1994.0181,-17.37,NA,NA,NA,NA
1994.0452,-15.57,NA,NA,NA,NA
1994.0723,-14.87,NA,NA,NA,NA
1994.0995,-19.37,NA,NA,NA,NA
1994.1267,-21.77,NA,NA,NA,NA
1994.1538,-20.37,NA,NA,NA,NA
1994.1809,-17.47,NA,NA,NA,NA
1994.2353,-16.17,NA,NA,NA,NA
1994.2624,-17.17,NA,NA,NA,NA
1994.2896,-17.07,NA,NA,NA,NA
1994.3168,-18.37,NA,NA,NA,NA
1994.3439,-20.07,NA,NA,NA,NA
1994.371,-22.27,NA,NA,NA,NA
1994.3982,-22.77,NA,NA,NA,NA
1994.4253,-21.47,NA,NA,NA,NA
1994.4524,-19.07,NA,NA,NA,NA
1994.5068,-23.37,NA,NA,NA,NA
1994.5339,-20.17,NA,NA,NA,NA
1994.5611,-19.67,NA,NA,NA,NA
1994.5882,-16.47,NA,NA,NA,NA
1994.6154,-15.47,NA,NA,NA,NA
1994.6425,-14.27,NA,NA,NA,NA
1994.6697,-12.87,NA,NA,NA,NA
1994.6968,-10.27,NA,NA,NA,NA
1994.724,-8.97,NA,NA,NA,NA
1994.751,-6.57,NA,NA,NA,NA
1994.7781,-5.67,NA,NA,NA,NA
1994.8054,-4.47,NA,NA,NA,NA
1994.8325,-3.87,NA,NA,NA,NA
1994.8869,-7.87,NA,NA,NA,NA
1994.914,-10.07,NA,NA,NA,NA
1994.9412,-6.07,NA,NA,NA,NA
1994.9684,-5.27,NA,NA,NA,NA
1994.9955,-7.47,NA,NA,NA,NA
1995.0226,-8.77,NA,NA,NA,NA
1995.0497,-10.87,NA,NA,NA,NA
1995.0769,-7.37,NA,NA,NA,NA
1995.104,-12.07,NA,NA,NA,NA
1995.1312,-16.27,NA,NA,NA,NA
1995.1583,-12.87,NA,NA,NA,NA
1995.2126,-10.37,NA,NA,NA,NA
1995.2398,-15.87,NA,NA,NA,NA
1995.2669,-13.77,NA,NA,NA,NA
1995.2941,-13.07,NA,NA,NA,NA
1995.3212,-13.77,NA,NA,NA,NA
1995.3755,-15.47,NA,NA,NA,NA
1995.4028,-15.27,NA,NA,NA,NA
1995.4299,-13.37,NA,NA,NA,NA
1995.457,-14.77,NA,NA,NA,NA
1995.484,-16.97,NA,NA,NA,NA
1995.5384,-17.97,NA,NA,NA,NA
1995.5655,-15.27,NA,NA,NA,NA
1995.5927,-14.37,NA,NA,NA,NA
1995.6199,-10.77,NA,NA,NA,NA
1995.647,-9.77,NA,NA,NA,NA
1995.674,-8.07,NA,NA,NA,NA
1995.7013,-2.87,NA,NA,NA,NA
1995.7285,3.93,NA,NA,NA,NA
1995.7556,-0.37,NA,NA,NA,NA
1995.7827,-1.47,NA,NA,NA,NA
1995.8371,0.53,NA,NA,NA,NA
1995.8643,-1.17,NA,NA,NA,NA
1995.89,2.33,NA,NA,NA,NA
1995.9456,-1.77,NA,NA,NA,NA
1995.9727,0.13,NA,NA,NA,NA
1996.0001,-3.17,NA,NA,NA,NA
1996.0269,-6.77,NA,NA,NA,NA
1996.0536,-10.27,NA,NA,NA,NA
1996.0814,-10.67,NA,NA,NA,NA
1996.1084,-8.67,NA,NA,NA,NA
1996.1632,-8.27,NA,NA,NA,NA
1996.1899,-12.17,NA,NA,NA,NA
1996.216,-11.17,NA,NA,NA,NA
1996.2443,-10.87,NA,NA,NA,NA
1996.2714,-12.67,NA,NA,NA,NA
1996.2986,-12.67,NA,NA,NA,NA
1996.3257,-11.87,NA,NA,NA,NA
1996.3529,-8.67,NA,NA,NA,NA
1996.38,-10.47,NA,NA,NA,NA
1996.4071,-9.77,NA,NA,NA,NA
1996.4343,-13.37,NA,NA,NA,NA
1996.4886,-12.97,NA,NA,NA,NA
1996.5157,-10.97,NA,NA,NA,NA
1996.5429,-7.07,NA,NA,NA,NA
1996.5701,-5.57,NA,NA,NA,NA
1996.5973,-7.77,NA,NA,NA,NA
1996.6244,-8.27,NA,NA,NA,NA
1996.6515,-5.47,NA,NA,NA,NA
1996.6786,-6.67,NA,NA,NA,NA
1996.7054,-0.97,NA,NA,NA,NA
1996.7335,2.63,NA,NA,NA,NA
1996.76,4.03,NA,NA,NA,NA
1996.8144,8.23,NA,NA,NA,NA
1996.8415,10.23,NA,NA,NA,NA
1996.8687,8.13,NA,NA,NA,NA
1996.8959,1.63,NA,NA,NA,NA
1996.923,0.93,NA,NA,NA,NA
1996.9501,0.23,NA,NA,NA,NA
1996.977,-3.87,NA,NA,NA,NA
1997.0044,-2.97,NA,NA,NA,NA
1997.0316,-1.57,NA,NA,NA,NA
1997.0587,-5.27,NA,NA,NA,NA
1997.0858,-6.27,NA,NA,NA,NA
1997.1402,-6.37,NA,NA,NA,NA
1997.1673,-5.17,NA,NA,NA,NA
1997.1944,-7.97,NA,NA,NA,NA
1997.2216,-9.07,NA,NA,NA,NA
1997.2487,-7.17,NA,NA,NA,NA
1997.2759,-9.77,NA,NA,NA,NA
1997.3031,-11.47,NA,NA,NA,NA
1997.3302,-7.37,NA,NA,NA,NA
1997.3573,-5.17,NA,NA,NA,NA
1997.3845,-7.37,NA,NA,NA,NA
1997.4116,-7.27,NA,NA,NA,NA
1997.4659,-10.87,NA,NA,NA,NA
1997.4931,-7.87,NA,NA,NA,NA
1997.5202,-6.07,NA,NA,NA,NA
1997.5474,-2.97,NA,NA,NA,NA
1997.5745,-3.27,NA,NA,NA,NA
1997.6288,0.13,NA,NA,NA,NA
1997.656,2.63,NA,NA,NA,NA
1997.683,4.93,NA,NA,NA,NA
1997.7102,9.23,NA,NA,NA,NA
1997.7374,9.53,NA,NA,NA,NA
1997.7917,8.03,NA,NA,NA,NA
1997.8189,10.83,NA,NA,NA,NA
1997.846,11.53,NA,NA,NA,NA
1997.8731,5.83,NA,NA,NA,NA
1997.9001,4.33,NA,NA,NA,NA
1997.9274,3.53,NA,NA,NA,NA
1997.9546,1.13,NA,NA,NA,NA
1997.9817,2.53,NA,NA,NA,NA
1998.0089,-0.27,NA,NA,NA,NA
1998.036,0.63,NA,NA,NA,NA
1998.0903,-1.57,NA,NA,NA,NA
1998.1175,-2.37,NA,NA,NA,NA
1998.1446,-3.77,NA,NA,NA,NA
1998.1717,-5.27,NA,NA,NA,NA
1998.1989,-4.27,NA,NA,NA,NA
1998.2261,-4.07,NA,NA,NA,NA
1998.2532,-6.27,NA,NA,NA,NA
1998.2803,-4.97,NA,NA,NA,NA
1998.3075,-3.97,NA,NA,NA,NA
1998.3347,-6.27,NA,NA,NA,NA
1998.3617,-7.37,NA,NA,NA,NA
1998.4158,-9.97,NA,NA,NA,NA
1998.4432,-8.97,NA,NA,NA,NA
1998.4704,-8.37,NA,NA,NA,NA
1998.4976,-5.47,NA,NA,NA,NA
1998.5247,-6.17,NA,NA,NA,NA
1998.5518,-8.07,NA,NA,NA,NA
1998.6062,-3.37,NA,NA,NA,NA
1998.6333,-4.27,NA,NA,NA,NA
1998.6604,-0.17,NA,NA,NA,NA
1998.6875,0.23,NA,NA,NA,NA
1998.7147,0.33,NA,NA,NA,NA
1998.7419,0.43,NA,NA,NA,NA
1998.7689,2.23,NA,NA,NA,NA
1998.8234,6.23,NA,NA,NA,NA
1998.8505,3.53,NA,NA,NA,NA
1998.8776,3.03,NA,NA,NA,NA
1998.9046,-0.97,NA,NA,NA,NA
1998.9319,2.53,NA,NA,NA,NA
1998.9591,0.83,NA,NA,NA,NA
1998.9862,-0.47,NA,NA,NA,NA
1999.0134,-3.17,NA,NA,NA,NA
1999.0405,-1.87,NA,NA,NA,NA
1999.0948,-5.97,NA,NA,NA,NA
1999.1255,-2.47,NA,NA,NA,NA
1999.1491,-7.07,NA,NA,NA,NA
1999.1762,-10.17,NA,NA,NA,NA
1999.2035,-9.77,NA,NA,NA,NA
1999.2305,-6.67,NA,NA,NA,NA
1999.2576,-8.07,NA,NA,NA,NA
1999.2847,-9.67,NA,NA,NA,NA
1999.3391,-9.77,NA,NA,NA,NA
1999.3663,-10.47,NA,NA,NA,NA
1999.3933,-12.27,NA,NA,NA,NA
1999.4206,-11.27,NA,NA,NA,NA
1999.4478,-13.17,NA,NA,NA,NA
1999.4749,-13.37,NA,NA,NA,NA
1999.502,-11.57,NA,NA,NA,NA
1999.5292,-9.67,NA,NA,NA,NA
1999.5566,-10.57,NA,NA,NA,NA
1999.5834,-5.47,NA,NA,NA,NA
1999.6106,-6.97,NA,NA,NA,NA
1999.6378,-2.37,NA,NA,NA,NA
1999.6921,-1.37,NA,NA,NA,NA
1999.7192,3.73,NA,NA,NA,NA
1999.7462,5.43,NA,NA,NA,NA
1999.7735,8.63,NA,NA,NA,NA
1999.8007,7.93,NA,NA,NA,NA
1999.8278,7.53,NA,NA,NA,NA
1999.8549,5.93,NA,NA,NA,NA
1999.8822,7.83,NA,NA,NA,NA
1999.908,5.83,NA,NA,NA,NA
1999.9636,7.63,NA,NA,NA,NA
1999.9907,4.13,NA,NA,NA,NA
2000.0178,1.63,NA,NA,NA,NA
2000.045,3.13,NA,NA,NA,NA
2000.0722,3.23,NA,NA,NA,NA
2000.0993,-0.67,NA,NA,NA,NA
2000.1264,-3.67,NA,NA,NA,NA
2000.1536,-0.97,NA,NA,NA,NA
2000.1807,-3.37,NA,NA,NA,NA
2000.2078,-3.57,NA,NA,NA,NA
2000.235,0.33,NA,NA,NA,NA
2000.2893,-5.57,NA,NA,NA,NA
2000.3166,-4.97,NA,NA,NA,NA
2000.3436,-7.27,NA,NA,NA,NA
2000.3707,-6.47,NA,NA,NA,NA
2000.3978,-5.87,NA,NA,NA,NA
2000.425,-6.37,NA,NA,NA,NA
2000.4522,-7.27,NA,NA,NA,NA
2000.4794,-9.27,NA,NA,NA,NA
2000.5065,-5.77,NA,NA,NA,NA
2000.5337,-2.37,NA,NA,NA,NA
2000.588,-3.87,NA,NA,NA,NA
2000.6151,-1.27,NA,NA,NA,NA
2000.6423,0.73,NA,NA,NA,NA
2000.6694,-0.57,NA,NA,NA,NA
2000.6965,1.63,NA,NA,NA,NA
2000.7235,9.33,NA,NA,NA,NA
2000.7508,10.33,NA,NA,NA,NA
2000.778,9.83,NA,NA,NA,NA
2000.8051,9.23,NA,NA,NA,NA
2000.8595,11.93,NA,NA,NA,NA
2000.8859,11.33,NA,NA,NA,NA
2000.9145,10.63,NA,NA,NA,NA
2000.941,6.93,NA,NA,NA,NA
2000.968,4.33,NA,NA,NA,NA
2000.9952,7.63,NA,NA,NA,NA
2001.0223,7.53,NA,NA,NA,NA
2001.0767,2.23,NA,NA,NA,NA
2001.1038,0.73,NA,NA,NA,NA
2001.1309,-0.17,NA,NA,NA,NA
2001.1581,0.53,NA,NA,NA,NA
2001.1852,4.43,NA,NA,NA,NA
2001.2124,-1.47,NA,NA,NA,NA
2001.2395,1.23,NA,NA,NA,NA
2001.2666,0.23,NA,NA,NA,NA
2001.2937,0.83,NA,NA,NA,NA
2001.321,-0.97,NA,NA,NA,NA
2001.3481,-0.47,NA,NA,NA,NA
2001.3753,0.23,NA,NA,NA,NA
2001.4023,-1.77,NA,NA,NA,NA
2001.4296,-3.67,NA,NA,NA,NA
2001.4567,-3.57,NA,NA,NA,NA
2001.484,2.93,NA,NA,NA,NA
2001.511,4.43,NA,NA,NA,NA
2001.5381,4.53,NA,NA,NA,NA
2001.5653,3.03,NA,NA,NA,NA
2001.5924,7.63,NA,NA,NA,NA
2001.6196,4.23,NA,NA,NA,NA
2001.6468,6.03,NA,NA,NA,NA
2001.6738,8.83,NA,NA,NA,NA
2001.701,13.53,NA,NA,NA,NA
2001.7283,14.63,NA,NA,NA,NA
2001.7553,16.43,NA,NA,NA,NA
2001.7825,14.53,NA,NA,NA,NA
2001.8096,13.03,NA,NA,NA,NA
2001.8368,18.23,NA,NA,NA,NA
2001.8639,18.93,NA,NA,NA,NA
2001.8917,15.23,NA,NA,NA,NA
2001.9182,11.03,NA,NA,NA,NA
2001.9567,13.23,NA,NA,NA,NA
2001.9725,9.13,NA,NA,NA,NA
2001.9997,11.03,NA,NA,NA,NA
2002.0261,5.33,NA,NA,NA,NA
2002.0537,NA,-0.02,NA,NA,NA
2002.054,2.43,NA,NA,NA,NA
2002.0811,7.03,NA,NA,NA,NA
2002.0819,NA,5.88,NA,NA,NA
2002.1082,6.03,NA,NA,NA,NA
2002.1083,NA,6.58,NA,NA,NA
2002.1352,NA,6.58,NA,NA,NA
2002.1354,7.13,NA,NA,NA,NA
2002.1626,7.33,4.98,NA,NA,NA
2002.1897,3.03,NA,NA,NA,NA
2002.1898,NA,-1.42,NA,NA,NA
2002.2168,1.33,NA,NA,NA,NA
2002.2169,NA,-0.12,NA,NA,NA
2002.2439,NA,-1.12,NA,NA,NA
2002.244,0.23,NA,NA,NA,NA
2002.2712,1.53,NA,NA,NA,NA
2002.2713,NA,3.48,NA,NA,NA
2002.2983,NA,-0.82,NA,NA,NA
2002.2988,-1.37,NA,NA,NA,NA
2002.3254,2.03,-0.22,NA,NA,NA
2002.3526,NA,-0.62,NA,NA,NA
2002.3527,0.93,NA,NA,NA,NA
2002.3797,-0.47,1.18,NA,NA,NA
2002.4069,-1.87,0.48,NA,NA,NA
2002.434,-2.57,-1.92,NA,NA,NA
2002.4611,1.53,1.38,NA,NA,NA
2002.4883,4.23,4.38,NA,NA,NA
2002.5155,NA,2.78,NA,NA,NA
2002.5426,NA,5.88,NA,NA,NA
2002.5427,2.53,NA,NA,NA,NA
2002.5697,5.43,9.18,NA,NA,NA
2002.5969,10.83,10.78,NA,NA,NA
2002.6239,12.13,NA,NA,NA,NA
2002.6241,NA,12.78,NA,NA,NA
2002.6512,NA,10.68,NA,NA,NA
2002.655,13.63,NA,NA,NA,NA
2002.6783,12.03,NA,NA,NA,NA
2002.6784,NA,9.78,NA,NA,NA
2002.7055,NA,11.38,NA,NA,NA
2002.7064,11.23,NA,NA,NA,NA
2002.7326,13.73,NA,NA,NA,NA
2002.7327,NA,14.78,NA,NA,NA
2002.7598,NA,14.28,NA,NA,NA
2002.7599,9.83,NA,NA,NA,NA
2002.7863,18.13,NA,NA,NA,NA
2002.7869,NA,18.68,NA,NA,NA
2002.8141,NA,21.78,NA,NA,NA
2002.8143,23.83,NA,NA,NA,NA
2002.8413,NA,13.68,NA,NA,NA
2002.8415,15.93,NA,NA,NA,NA
2002.8684,14.63,14.08,NA,NA,NA
2002.8943,NA,17.18,NA,NA,NA
2002.8962,16.23,NA,NA,NA,NA
2002.9226,20.33,NA,NA,NA,NA
2002.9227,NA,15.78,NA,NA,NA
2002.9498,19.73,14.68,NA,NA,NA
2002.977,NA,11.08,NA,NA,NA
2002.9771,11.63,NA,NA,NA,NA
2003.0041,NA,9.58,NA,NA,NA
2003.0042,13.43,NA,NA,NA,NA
2003.0312,10.63,NA,NA,NA,NA
2003.0313,NA,8.18,NA,NA,NA
2003.0584,14.13,11.78,NA,NA,NA
2003.0856,12.93,10.78,NA,NA,NA
2003.1127,15.53,12.48,NA,NA,NA
2003.1398,6.23,NA,NA,NA,NA
2003.1399,NA,6.48,NA,NA,NA
2003.167,8.63,NA,NA,NA,NA
2003.1671,NA,3.78,NA,NA,NA
2003.1942,NA,5.68,NA,NA,NA
2003.1943,7.13,NA,NA,NA,NA
2003.2211,7.43,NA,NA,NA,NA
2003.2213,NA,6.48,NA,NA,NA
2003.2484,8.43,NA,NA,NA,NA
2003.2485,NA,4.98,NA,NA,NA
2003.2756,7.83,NA,NA,NA,NA
2003.2799,NA,5.88,NA,NA,NA
2003.3028,NA,2.78,NA,NA,NA
2003.3029,5.53,NA,NA,NA,NA
2003.3299,6.03,NA,NA,NA,NA
2003.33,NA,3.38,NA,NA,NA
2003.357,7.73,NA,NA,NA,NA
2003.3571,NA,4.68,NA,NA,NA
2003.3842,7.23,5.48,NA,NA,NA
2003.4113,NA,5.28,NA,NA,NA
2003.4114,6.03,NA,NA,NA,NA
2003.4385,6.13,2.28,NA,NA,NA
2003.4657,6.93,3.68,NA,NA,NA
2003.4928,5.03,1.78,NA,NA,NA
2003.5199,NA,2.68,NA,NA,NA
2003.547,8.03,NA,NA,NA,NA
2003.5471,NA,7.78,NA,NA,NA
2003.5742,NA,7.08,NA,NA,NA
2003.5819,6.83,NA,NA,NA,NA
2003.6014,10.93,9.68,NA,NA,NA
2003.6285,NA,8.38,NA,NA,NA
2003.6286,9.73,NA,NA,NA,NA
2003.6556,12.23,NA,NA,NA,NA
2003.6557,NA,12.78,NA,NA,NA
2003.6827,14.43,NA,NA,NA,NA
2003.6829,NA,15.48,NA,NA,NA
2003.71,13.23,17.48,NA,NA,NA
2003.7371,NA,18.28,NA,NA,NA
2003.7372,16.63,NA,NA,NA,NA
2003.7642,20.93,NA,NA,NA,NA
2003.7643,NA,21.18,NA,NA,NA
2003.7914,20.33,20.08,NA,NA,NA
2003.8186,NA,19.88,NA,NA,NA
2003.8187,21.53,NA,NA,NA,NA
2003.8457,20.23,18.98,NA,NA,NA
2003.8708,NA,17.48,NA,NA,NA
2003.8728,17.23,NA,NA,NA,NA
2003.9112,NA,14.18,NA,NA,NA
2003.9117,16.83,NA,NA,NA,NA
2003.921,17.83,NA,NA,NA,NA
2003.9272,NA,17.68,NA,NA,NA
2003.9543,19.23,17.08,NA,NA,NA
2003.9813,16.33,NA,NA,NA,NA
2003.9815,NA,12.48,NA,NA,NA
2004.0086,11.73,11.78,NA,NA,NA
2004.0358,11.73,NA,NA,NA,NA
2004.0359,NA,14.98,NA,NA,NA
2004.0628,11.23,12.68,NA,NA,NA
2004.0898,9.93,NA,NA,NA,NA
2004.0901,NA,10.28,NA,NA,NA
2004.1135,NA,4.18,NA,NA,NA
2004.1173,8.73,NA,NA,NA,NA
2004.1444,4.33,NA,NA,NA,NA
2004.1489,NA,8.18,NA,NA,NA
2004.1715,8.13,8.88,NA,NA,NA
2004.1986,5.43,7.78,NA,NA,NA
2004.2258,7.23,NA,NA,NA,NA
2004.2259,NA,7.38,NA,NA,NA
2004.2513,NA,9.38,NA,NA,NA
2004.2531,10.83,NA,NA,NA,NA
2004.2801,7.53,6.38,NA,NA,NA
2004.3073,NA,9.68,NA,NA,NA
2004.3075,10.23,NA,NA,NA,NA
2004.3344,4.93,4.78,NA,NA,NA
2004.3615,9.13,4.98,NA,NA,NA
2004.3884,8.03,NA,NA,NA,NA
2004.3887,NA,4.28,NA,NA,NA
2004.4158,NA,7.88,NA,NA,NA
2004.4429,NA,7.58,NA,NA,NA
2004.4702,NA,6.08,NA,NA,NA
2004.4703,10.53,NA,NA,NA,NA
2004.4971,9.03,NA,NA,NA,NA
2004.4973,NA,10.58,NA,NA,NA
2004.5224,9.83,NA,NA,NA,NA
2004.5244,NA,10.08,NA,NA,NA
2004.5516,NA,8.78,NA,NA,NA
2004.5522,8.33,NA,NA,NA,NA
2004.577,5.33,NA,NA,NA,NA
2004.5787,NA,7.18,NA,NA,NA
2004.6059,8.83,NA,NA,NA,NA
2004.606,NA,10.08,NA,NA,NA
2004.633,NA,13.98,NA,NA,NA
2004.6331,12.93,NA,NA,NA,NA
2004.6601,NA,15.18,NA,NA,NA
2004.6602,14.33,NA,NA,NA,NA
2004.687,15.63,NA,NA,NA,NA
2004.6873,NA,18.48,NA,NA,NA
2004.7143,20.03,NA,NA,NA,NA
2004.7145,NA,21.98,NA,NA,NA
2004.7416,17.03,18.78,NA,NA,NA
2004.7685,22.63,NA,NA,NA,NA
2004.7687,NA,20.88,NA,NA,NA
2004.7959,NA,22.78,NA,NA,NA
2004.796,21.33,NA,NA,NA,NA
2004.8231,19.73,NA,NA,NA,NA
2004.8232,NA,21.48,NA,NA,NA
2004.8502,20.73,21.88,NA,NA,NA
2004.8774,20.83,21.48,NA,NA,NA
2004.9044,NA,15.58,NA,NA,NA
2004.9045,16.03,NA,NA,NA,NA
2004.9317,19.93,18.18,NA,NA,NA
2004.9542,18.93,NA,NA,NA,NA
2004.959,NA,17.88,NA,NA,NA
2004.9859,19.53,NA,NA,NA,NA
2004.986,NA,22.98,NA,NA,NA
2005.013,11.93,NA,NA,NA,NA
2005.0131,NA,16.98,NA,NA,NA
2005.0401,13.13,NA,NA,NA,NA
2005.0402,NA,15.18,NA,NA,NA
2005.0674,15.43,NA,NA,NA,NA
2005.0675,NA,15.68,NA,NA,NA
2005.0945,13.53,14.18,NA,NA,NA
2005.1217,9.63,14.08,NA,NA,NA
2005.1488,8.73,NA,NA,NA,NA
2005.1491,NA,12.88,NA,NA,NA
2005.1759,12.03,NA,NA,NA,NA
2005.176,NA,15.58,NA,NA,NA
2005.2031,NA,13.78,NA,NA,NA
2005.2033,10.13,NA,NA,NA,NA
2005.2301,NA,8.28,NA,NA,NA
2005.2304,9.13,NA,NA,NA,NA
2005.2574,7.53,9.18,NA,NA,NA
2005.2844,NA,13.78,NA,NA,NA
2005.2847,10.03,NA,NA,NA,NA
2005.3106,4.83,NA,NA,NA,NA
2005.3117,NA,10.58,NA,NA,NA
2005.3389,NA,11.88,NA,NA,NA
2005.3395,9.23,NA,NA,NA,NA
2005.366,11.23,11.58,NA,NA,NA
2005.3933,10.23,10.78,NA,NA,NA
2005.4201,6.73,NA,NA,NA,NA
2005.4203,NA,10.98,NA,NA,NA
2005.4474,NA,12.18,NA,NA,NA
2005.4475,7.43,NA,NA,NA,NA
2005.4744,7.53,NA,NA,NA,NA
2005.4746,NA,12.78,NA,NA,NA
2005.5017,NA,12.08,NA,NA,NA
2005.5018,7.93,NA,NA,NA,NA
2005.5289,NA,15.18,NA,NA,NA
2005.5291,10.83,NA,NA,NA,NA
2005.556,NA,12.18,NA,NA,NA
2005.5561,12.23,NA,NA,NA,NA
2005.5831,12.33,NA,NA,NA,NA
2005.5833,NA,14.88,NA,NA,NA
2005.6102,12.33,NA,NA,NA,NA
2005.6103,NA,14.08,NA,NA,NA
2005.6376,15.03,16.68,NA,NA,NA
2005.6646,NA,19.78,NA,NA,NA
2005.6647,14.73,NA,NA,NA,NA
2005.6918,21.93,22.38,NA,NA,NA
2005.7137,NA,22.98,NA,NA,NA
2005.7191,22.93,NA,NA,NA,NA
2005.7462,21.33,NA,NA,NA,NA
2005.7511,NA,23.98,NA,NA,NA
2005.7734,NA,25.18,NA,NA,NA
2005.8004,NA,24.58,NA,NA,NA
2005.8275,NA,25.48,NA,NA,NA
2005.8547,NA,28.38,NA,NA,NA
2005.8819,NA,27.08,NA,NA,NA
2005.9091,NA,24.88,NA,NA,NA
2005.9362,NA,24.48,NA,NA,NA
2005.9633,NA,24.38,NA,NA,NA
2005.9906,NA,23.78,NA,NA,NA
2006.0176,NA,20.68,NA,NA,NA
2006.0447,NA,14.38,NA,NA,NA
2006.0719,NA,16.18,NA,NA,NA
2006.0991,NA,15.98,NA,NA,NA
2006.1262,NA,13.88,NA,NA,NA
2006.1535,NA,13.48,NA,NA,NA
2006.1804,NA,13.88,NA,NA,NA
2006.2076,NA,9.48,NA,NA,NA
2006.2348,NA,12.98,NA,NA,NA
2006.2619,NA,11.38,NA,NA,NA
2006.289,NA,11.28,NA,NA,NA
2006.3163,NA,10.98,NA,NA,NA
2006.3434,NA,11.48,NA,NA,NA
2006.3705,NA,14.78,NA,NA,NA
2006.3975,NA,14.68,NA,NA,NA
2006.4248,NA,14.38,NA,NA,NA
2006.4519,NA,13.58,NA,NA,NA
2006.4791,NA,13.58,NA,NA,NA
2006.5064,NA,15.68,NA,NA,NA
2006.5334,NA,15.58,NA,NA,NA
2006.5605,NA,16.18,NA,NA,NA
2006.5877,NA,15.48,NA,NA,NA
2006.6148,NA,14.58,NA,NA,NA
2006.642,NA,18.68,NA,NA,NA
2006.6691,NA,22.88,NA,NA,NA
2006.6963,NA,24.18,NA,NA,NA
2006.7235,NA,26.18,NA,NA,NA
2006.7507,NA,26.28,NA,NA,NA
2006.7777,NA,28.38,NA,NA,NA
2006.8049,NA,28.08,NA,NA,NA
2006.8244,NA,27.78,NA,NA,NA
2006.8894,NA,25.08,NA,NA,NA
2006.9135,NA,23.38,NA,NA,NA
2006.9403,NA,26.48,NA,NA,NA
2006.9679,NA,23.88,NA,NA,NA
2006.9949,NA,21.78,NA,NA,NA
2007.022,NA,17.68,NA,NA,NA
2007.0492,NA,15.08,NA,NA,NA
2007.0765,NA,16.78,NA,NA,NA
2007.1035,NA,14.88,NA,NA,NA
2007.1303,NA,12.88,NA,NA,NA
2007.1578,NA,14.38,NA,NA,NA
2007.1849,NA,12.28,NA,NA,NA
2007.2121,NA,13.58,NA,NA,NA
2007.2392,NA,14.18,NA,NA,NA
2007.2661,NA,16.58,NA,NA,NA
2007.2935,NA,16.38,NA,NA,NA
2007.3207,NA,15.58,NA,NA,NA
2007.3479,NA,9.98,NA,NA,NA
2007.375,NA,15.08,NA,NA,NA
2007.4021,NA,16.18,NA,NA,NA
2007.4292,NA,13.78,NA,NA,NA
2007.4564,NA,10.38,NA,NA,NA
2007.4836,NA,10.98,NA,NA,NA
2007.5107,NA,12.08,NA,NA,NA
2007.5378,NA,11.88,NA,NA,NA
2007.565,NA,12.88,NA,NA,NA
2007.5922,NA,15.48,NA,NA,NA
2007.6193,NA,20.08,NA,NA,NA
2007.6466,NA,18.38,NA,NA,NA
2007.6736,NA,18.38,NA,NA,NA
2007.7008,NA,20.08,NA,NA,NA
2007.7279,NA,26.68,NA,NA,NA
2007.755,NA,27.08,NA,NA,NA
2007.7822,NA,25.88,NA,NA,NA
2007.8093,NA,26.18,NA,NA,NA
2007.8365,NA,23.78,NA,NA,NA
2007.8637,NA,27.58,NA,NA,NA
2007.8908,NA,31.58,NA,NA,NA
2007.918,NA,29.68,NA,NA,NA
2007.9451,NA,26.28,NA,NA,NA
2007.9723,NA,19.78,NA,NA,NA
2007.9995,NA,20.68,NA,NA,NA
2008.0266,NA,20.48,NA,NA,NA
2008.0537,NA,22.28,NA,NA,NA
2008.0808,NA,20.68,NA,NA,NA
2008.108,NA,17.78,NA,NA,NA
2008.1351,NA,18.18,NA,NA,NA
2008.1623,NA,14.28,NA,NA,NA
2008.1894,NA,17.68,NA,NA,NA
2008.2166,NA,17.68,NA,NA,NA
2008.2437,NA,16.28,NA,NA,NA
2008.2709,NA,14.88,NA,NA,NA
2008.2981,NA,15.98,NA,NA,NA
2008.3253,NA,15.58,NA,NA,NA
2008.3456,NA,14.78,NA,NA,NA
2008.3795,NA,20.08,NA,NA,NA
2008.4066,NA,19.98,NA,NA,NA
2008.4338,NA,17.78,NA,NA,NA
2008.4609,NA,16.48,NA,NA,NA
2008.4881,NA,18.68,NA,NA,NA
2008.5152,NA,20.48,NA,NA,NA
2008.5423,NA,21.28,NA,NA,NA
2008.5425,NA,NA,19.64,NA,NA
2008.5695,NA,20.28,20.04,NA,NA
2008.5922,NA,20.18,NA,NA,NA
2008.5968,NA,NA,19.64,NA,NA
2008.6238,NA,NA,23.24,NA,NA
2008.6507,NA,NA,23.44,NA,NA
2008.6509,NA,20.28,NA,NA,NA
2008.6781,NA,24.58,24.74,NA,NA
2008.7052,NA,24.38,24.94,NA,NA
2008.7324,NA,27.68,27.74,NA,NA
2008.7595,NA,30.08,28.94,NA,NA
2008.7867,NA,29.78,30.04,NA,NA
2008.8138,NA,31.98,30.84,NA,NA
2008.841,NA,NA,28.94,NA,NA
2008.8411,NA,30.18,NA,NA,NA
2008.8681,NA,33.18,30.84,NA,NA
2008.8953,NA,31.58,28.84,NA,NA
2008.9224,NA,NA,32.44,NA,NA
2008.9225,NA,34.08,NA,NA,NA
2008.9495,NA,NA,26.74,NA,NA
2008.9496,NA,27.58,NA,NA,NA
2008.9768,NA,NA,24.24,NA,NA
2008.9769,NA,24.78,NA,NA,NA
2009.0039,NA,25.38,24.74,NA,NA
2009.031,NA,25.08,NA,NA,NA
2009.0317,NA,NA,24.24,NA,NA
2009.0582,NA,23.28,22.64,NA,NA
2009.0853,NA,NA,20.94,NA,NA
2009.1124,NA,NA,17.94,NA,NA
2009.1267,NA,17.28,NA,NA,NA
2009.1396,NA,NA,19.24,NA,NA
2009.1531,NA,19.88,NA,NA,NA
2009.1667,NA,NA,20.04,NA,NA
2009.1803,NA,22.68,NA,NA,NA
2009.1939,NA,NA,20.34,NA,NA
2009.2074,NA,23.08,NA,NA,NA
2009.221,NA,NA,20.84,NA,NA
2009.2346,NA,21.98,NA,NA,NA
2009.2482,NA,NA,20.54,NA,NA
2009.2617,NA,20.88,NA,NA,NA
2009.2753,NA,NA,19.54,NA,NA
2009.2889,NA,18.48,NA,NA,NA
2009.3025,NA,NA,20.14,NA,NA
2009.316,NA,20.78,NA,NA,NA
2009.3296,NA,NA,20.14,NA,NA
2009.3432,NA,22.88,NA,NA,NA
2009.3567,NA,NA,19.24,NA,NA
2009.3703,NA,18.68,NA,NA,NA
2009.3839,NA,NA,18.34,NA,NA
2009.3975,NA,19.18,NA,NA,NA
2009.4107,NA,NA,17.74,NA,NA
2009.4246,NA,18.38,NA,NA,NA
2009.4382,NA,NA,20.14,NA,NA
2009.4518,NA,22.38,NA,NA,NA
2009.4653,NA,NA,20.94,NA,NA
2009.4789,NA,20.68,NA,NA,NA
2009.4925,NA,NA,19.54,NA,NA
2009.5061,NA,20.78,NA,NA,NA
2009.5197,NA,NA,18.64,NA,NA
2009.5332,NA,21.18,NA,NA,NA
2009.5468,NA,NA,21.04,NA,NA
2009.5604,NA,24.98,NA,NA,NA
2009.574,NA,NA,25.64,NA,NA
2009.5875,NA,25.58,NA,NA,NA
2009.6011,NA,NA,23.94,NA,NA
2009.6147,NA,24.78,NA,NA,NA
2009.6283,NA,NA,26.24,NA,NA
2009.6418,NA,25.68,NA,NA,NA
2009.6554,NA,NA,27.94,NA,NA
2009.6689,NA,29.78,NA,NA,NA
2009.6826,NA,NA,30.14,NA,NA
2009.6947,NA,33.48,NA,NA,NA
2009.7097,NA,NA,34.04,NA,NA
2009.736,NA,30.08,NA,NA,NA
2009.7369,NA,NA,34.44,NA,NA
2009.7504,NA,36.48,NA,NA,NA
2009.764,NA,NA,34.54,NA,NA
2009.7776,NA,36.08,NA,NA,NA
2009.7911,NA,NA,36.04,NA,NA
2009.8047,NA,35.78,NA,NA,NA
2009.8184,NA,NA,36.54,NA,NA
2009.8319,NA,38.48,NA,NA,NA
2009.8455,NA,NA,35.94,NA,NA
2009.859,NA,34.78,NA,NA,NA
2009.8726,NA,NA,32.04,NA,NA
2009.8862,NA,34.88,NA,NA,NA
2009.8998,NA,NA,33.94,NA,NA
2009.9133,NA,34.98,NA,NA,NA
2009.9269,NA,NA,31.94,NA,NA
2009.9405,NA,33.18,NA,NA,NA
2009.954,NA,NA,29.04,NA,NA
2009.9676,NA,32.58,NA,NA,NA
2009.9812,NA,NA,32.44,NA,NA
2009.9948,NA,31.28,NA,NA,NA
2010.0084,NA,NA,28.34,NA,NA
2010.0219,NA,31.08,NA,NA,NA
2010.0355,NA,NA,26.64,NA,NA
2010.0491,NA,26.98,NA,NA,NA
2010.0626,NA,NA,24.64,NA,NA
2010.0762,NA,21.38,NA,NA,NA
2010.0898,NA,NA,20.14,NA,NA
2010.1033,NA,22.28,NA,NA,NA
2010.117,NA,NA,23.44,NA,NA
2010.1305,NA,25.68,NA,NA,NA
2010.1441,NA,NA,25.24,NA,NA
2010.1576,NA,27.88,NA,NA,NA
2010.1712,NA,NA,28.34,NA,NA
2010.185,NA,26.58,NA,NA,NA
2010.1983,NA,NA,21.74,NA,NA
2010.212,NA,21.58,NA,NA,NA
2010.2255,NA,NA,21.94,NA,NA
2010.2391,NA,22.08,NA,NA,NA
2010.2527,NA,NA,21.44,NA,NA
2010.2655,NA,20.98,NA,NA,NA
2010.2799,NA,NA,23.84,NA,NA
2010.2935,NA,26.38,NA,NA,NA
2010.3069,NA,NA,23.74,NA,NA
2010.3205,NA,23.68,NA,NA,NA
2010.3341,NA,NA,20.84,NA,NA
2010.3477,NA,22.48,NA,NA,NA
2010.3612,NA,NA,20.84,NA,NA
2010.3748,NA,23.58,NA,NA,NA
2010.3884,NA,NA,24.84,NA,NA
2010.4019,NA,21.88,NA,NA,NA
2010.4155,NA,NA,24.64,NA,NA
2010.4277,NA,22.78,NA,NA,NA
2010.4427,NA,NA,25.04,NA,NA
2010.4562,NA,24.98,NA,NA,NA
2010.4698,NA,NA,25.84,NA,NA
2010.4833,NA,23.78,NA,NA,NA
2010.497,NA,NA,25.84,NA,NA
2010.5106,NA,22.78,NA,NA,NA
2010.5242,NA,NA,26.34,NA,NA
2010.5377,NA,25.18,NA,NA,NA
2010.5513,NA,NA,27.84,NA,NA
2010.5639,NA,26.58,NA,NA,NA
2010.5785,NA,NA,27.04,NA,NA
2010.592,NA,27.28,NA,NA,NA
2010.6055,NA,NA,26.74,NA,NA
2010.6192,NA,31.38,NA,NA,NA
2010.6328,NA,NA,29.24,NA,NA
2010.6463,NA,29.18,NA,NA,NA
2010.6599,NA,NA,26.74,NA,NA
2010.6733,NA,28.98,NA,NA,NA
2010.687,NA,NA,29.84,NA,NA
2010.7006,NA,30.38,NA,NA,NA
2010.7142,NA,NA,30.54,NA,NA
2010.7277,NA,31.28,NA,NA,NA
2010.7414,NA,NA,30.54,NA,NA
2010.7549,NA,31.08,NA,NA,NA
2010.7685,NA,NA,32.44,NA,NA
2010.7821,NA,33.88,NA,NA,NA
2010.7956,NA,NA,36.04,NA,NA
2010.8093,NA,37.78,NA,NA,NA
2010.8228,NA,NA,34.44,NA,NA
2010.8364,NA,37.68,NA,NA,NA
2010.8499,NA,NA,33.14,NA,NA
2010.8635,NA,34.88,NA,NA,NA
2010.8771,NA,NA,33.84,NA,NA
2010.8906,NA,29.98,NA,NA,NA
2010.9043,NA,NA,28.94,NA,NA
2010.9178,NA,27.98,NA,NA,NA
2010.9314,NA,NA,29.14,NA,NA
2010.9449,NA,29.68,NA,NA,NA
2010.9586,NA,NA,27.54,NA,NA
2010.9721,NA,30.18,NA,NA,NA
2010.9857,NA,NA,28.84,NA,NA
2010.9993,NA,29.18,NA,NA,NA
2011.0129,NA,NA,25.24,NA,NA
2011.0264,NA,24.58,NA,NA,NA
2011.04,NA,NA,23.64,NA,NA
2011.0536,NA,23.08,NA,NA,NA
2011.0671,NA,NA,24.24,NA,NA
2011.0807,NA,24.28,NA,NA,NA
2011.0943,NA,NA,21.94,NA,NA
2011.1078,NA,21.18,NA,NA,NA
2011.1214,NA,NA,20.04,NA,NA
2011.135,NA,21.28,NA,NA,NA
2011.1486,NA,NA,20.24,NA,NA
2011.1621,NA,21.08,NA,NA,NA
2011.1757,NA,NA,20.34,NA,NA
2011.1892,NA,19.78,NA,NA,NA
2011.2029,NA,NA,20.24,NA,NA
2011.2164,NA,18.38,NA,NA,NA
2011.23,NA,NA,17.64,NA,NA
2011.2436,NA,18.78,NA,NA,NA
2011.2571,NA,NA,19.34,NA,NA
2011.2706,NA,13.68,NA,NA,NA
2011.2843,NA,NA,19.24,NA,NA
2011.2978,NA,17.68,NA,NA,NA
2011.3115,NA,NA,18.34,NA,NA
2011.325,NA,16.88,NA,NA,NA
2011.3386,NA,NA,15.54,NA,NA
2011.3521,NA,16.88,NA,NA,NA
2011.3657,NA,NA,18.84,NA,NA
2011.3793,NA,16.38,NA,NA,NA
2011.3929,NA,NA,19.64,NA,NA
2011.4064,NA,18.88,NA,NA,NA
2011.42,NA,NA,19.84,NA,NA
2011.4336,NA,19.68,NA,NA,NA
2011.4471,NA,NA,20.64,NA,NA
2011.4607,NA,20.68,NA,NA,NA
2011.4743,NA,NA,23.24,NA,NA
2011.4879,NA,21.08,NA,NA,NA
2011.5014,NA,NA,21.94,NA,NA
2011.5151,NA,19.98,NA,NA,NA
2011.5286,NA,NA,21.94,NA,NA
2011.5422,NA,18.88,NA,NA,NA
2011.5557,NA,NA,22.04,NA,NA
2011.5693,NA,22.18,NA,NA,NA
2011.583,NA,NA,24.24,NA,NA
2011.5965,NA,25.08,NA,NA,NA
2011.61,NA,NA,28.14,NA,NA
2011.6236,NA,25.48,NA,NA,NA
2011.6372,NA,NA,29.94,NA,NA
2011.6508,NA,30.98,NA,NA,NA
2011.6644,NA,NA,30.74,NA,NA
2011.6778,NA,30.38,NA,NA,NA
2011.6916,NA,NA,30.64,NA,NA
2011.7051,NA,27.78,NA,NA,NA
2011.7187,NA,NA,31.34,NA,NA
2011.7319,NA,32.28,NA,NA,NA
2011.7459,NA,NA,34.44,NA,NA
2011.7591,NA,35.08,NA,NA,NA
2011.773,NA,NA,37.44,NA,NA
2011.7867,NA,37.68,NA,NA,NA
2011.8002,NA,NA,38.84,NA,NA
2011.8137,NA,34.18,NA,NA,NA
2011.8273,NA,NA,34.44,NA,NA
2011.8408,NA,34.28,NA,NA,NA
2011.8544,NA,NA,33.64,NA,NA
2011.868,NA,30.08,NA,NA,NA
2011.8816,NA,NA,33.84,NA,NA
2011.8952,NA,34.38,NA,NA,NA
2011.9087,NA,NA,35.64,NA,NA
2011.922,NA,34.08,NA,NA,NA
2011.9358,NA,NA,35.04,NA,NA
2011.9495,NA,33.88,NA,NA,NA
2011.9631,NA,NA,34.74,NA,NA
2011.9765,NA,34.88,NA,NA,NA
2011.9902,NA,NA,33.14,NA,NA
2012.0037,NA,30.98,NA,NA,NA
2012.0173,NA,NA,34.04,NA,NA
2012.0309,NA,30.38,NA,NA,NA
2012.0445,NA,NA,32.74,NA,NA
2012.058,NA,30.98,NA,NA,NA
2012.0716,NA,NA,33.34,NA,NA
2012.0848,NA,30.18,NA,NA,NA
2012.0987,NA,NA,30.84,NA,NA
2012.1119,NA,29.38,NA,NA,NA
2012.1259,NA,NA,31.54,NA,NA
2012.127,NA,27.98,NA,NA,NA
2012.1531,NA,NA,29.14,NA,NA
2012.1672,NA,24.78,NA,NA,NA
2012.1802,NA,NA,28.14,NA,NA
2012.2073,NA,NA,28.94,NA,NA
2012.2345,NA,NA,30.94,NA,NA
2012.2616,NA,NA,28.44,NA,NA
2012.2888,NA,NA,27.74,NA,NA
2012.3159,NA,NA,27.84,NA,NA
2012.343,NA,NA,28.04,NA,NA
2012.3645,NA,30.98,NA,NA,NA
2012.3702,NA,NA,30.24,NA,NA
2012.3944,NA,28.58,NA,NA,NA
2012.3973,NA,NA,29.24,NA,NA
2012.4242,NA,30.78,NA,NA,NA
2012.4245,NA,NA,28.74,NA,NA
2012.4517,NA,NA,32.54,NA,NA
2012.454,NA,33.28,NA,NA,NA
2012.4745,NA,30.88,NA,NA,NA
2012.4788,NA,NA,31.34,NA,NA
2012.4949,NA,32.48,NA,NA,NA
2012.506,NA,NA,31.44,NA,NA
2012.5247,NA,33.88,NA,NA,NA
2012.5331,NA,NA,35.74,NA,NA
2012.5546,NA,37.58,NA,NA,NA
2012.5603,NA,NA,37.84,NA,NA
2012.5844,NA,36.38,NA,NA,NA
2012.5874,NA,NA,37.14,NA,NA
2012.6048,NA,39.88,NA,NA,NA
2012.6145,NA,NA,38.14,NA,NA
2012.6252,NA,36.58,NA,NA,NA
2012.6417,NA,NA,35.64,NA,NA
2012.6552,NA,37.68,NA,NA,NA
2012.6688,NA,NA,39.84,NA,NA
2012.6849,NA,39.78,NA,NA,NA
2012.696,NA,NA,40.04,NA,NA
2012.7147,NA,42.98,NA,NA,NA
2012.7232,NA,NA,44.64,NA,NA
2012.735,NA,42.48,NA,NA,NA
2012.7503,NA,NA,45.64,NA,NA
2012.7555,NA,45.98,NA,NA,NA
2012.7775,NA,NA,47.54,NA,NA
2012.7852,NA,45.88,NA,NA,NA
2012.8046,NA,NA,45.04,NA,NA
2012.8151,NA,44.48,NA,NA,NA
2012.8318,NA,NA,44.34,NA,NA
2012.8355,NA,45.28,NA,NA,NA
2012.856,NA,48.38,NA,NA,NA
2012.8589,NA,NA,45.84,NA,NA
2012.8858,NA,46.98,NA,NA,NA
2012.886,NA,NA,45.34,NA,NA
2012.9132,NA,NA,42.84,NA,NA
2012.9156,NA,43.58,NA,NA,NA
2012.9404,NA,NA,45.04,NA,NA
2012.9454,NA,43.08,NA,NA,NA
2012.9658,NA,39.08,NA,NA,NA
2012.9675,NA,NA,41.04,NA,NA
2012.9862,NA,38.58,NA,NA,NA
2012.9946,NA,NA,40.74,NA,NA
2013.0162,NA,40.78,NA,NA,NA
2013.0218,NA,NA,39.74,NA,NA
2013.0459,NA,38.08,NA,NA,NA
2013.0489,NA,NA,38.74,NA,NA
2013.0758,NA,41.18,NA,NA,NA
2013.0761,NA,NA,39.94,NA,NA
2013.0961,NA,37.98,NA,NA,NA
2013.1031,NA,NA,38.34,NA,NA
2013.1167,NA,37.88,NA,NA,NA
2013.1304,NA,NA,35.24,NA,NA
2013.1464,NA,36.18,NA,NA,NA
2013.1575,NA,NA,36.64,NA,NA
2013.1847,NA,NA,37.74,NA,NA
2013.2118,NA,NA,36.24,NA,NA
2013.2196,NA,32.88,NA,NA,NA
2013.2265,NA,34.18,NA,NA,NA
2013.2469,NA,35.38,NA,NA,NA
2013.2765,NA,31.88,NA,NA,NA
2013.2933,NA,NA,33.14,NA,NA
2013.3066,NA,29.18,NA,NA,NA
2013.3204,NA,NA,35.64,NA,NA
2013.3269,NA,29.98,NA,NA,NA
2013.3473,NA,36.38,NA,NA,NA
2013.3475,NA,NA,35.74,NA,NA
2013.3747,NA,NA,33.64,NA,NA
2013.3771,NA,36.08,NA,NA,NA
2013.4018,NA,NA,32.64,NA,NA
2013.407,NA,34.48,NA,NA,NA
2013.429,NA,NA,32.54,NA,NA
2013.4368,NA,30.48,NA,NA,NA
2013.4561,NA,NA,31.54,NA,NA
2013.4572,NA,26.78,NA,NA,NA
2013.4833,NA,NA,33.54,NA,NA
2013.5104,NA,NA,33.04,NA,NA
2013.5376,NA,NA,33.74,NA,NA
2013.5648,NA,NA,36.14,NA,NA
2013.5919,NA,NA,37.24,NA,NA
2013.619,NA,NA,34.44,NA,NA
2013.6462,NA,NA,35.84,NA,NA
2013.6696,NA,NA,40.84,NA,NA
2013.7071,NA,NA,38.44,NA,NA
2013.7276,NA,NA,41.14,NA,NA
2013.7548,NA,NA,43.24,NA,NA
2013.7819,NA,NA,44.34,NA,NA
2013.8091,NA,NA,47.54,NA,NA
2013.8362,NA,NA,48.74,NA,NA
2013.8634,NA,NA,46.44,NA,NA
2013.8906,NA,NA,44.64,NA,NA
2013.9177,NA,NA,42.84,NA,NA
2013.9448,NA,NA,39.44,NA,NA
2013.972,NA,NA,40.24,NA,NA
2013.9992,NA,NA,40.54,NA,NA
2014.0263,NA,NA,39.24,NA,NA
2014.0534,NA,NA,38.34,NA,NA
2014.0806,NA,NA,35.44,NA,NA
2014.1077,NA,NA,36.94,NA,NA
2014.1349,NA,NA,38.84,NA,NA
2014.162,NA,NA,38.14,NA,NA
2014.1891,NA,NA,37.94,NA,NA
2014.2163,NA,NA,36.54,NA,NA
2014.2435,NA,NA,35.84,NA,NA
2014.2705,NA,NA,36.14,NA,NA
2014.2978,NA,NA,36.04,NA,NA
2014.3249,NA,NA,33.54,NA,NA
2014.352,NA,NA,32.94,NA,NA
2014.3791,NA,NA,32.84,NA,NA
2014.4063,NA,NA,33.84,NA,NA
2014.4334,NA,NA,33.14,NA,NA
2014.4606,NA,NA,35.54,NA,NA
2014.4878,NA,NA,37.54,NA,NA
2014.5149,NA,NA,38.94,NA,NA
2014.5421,NA,NA,39.34,NA,NA
2014.5692,NA,NA,37.64,NA,NA
2014.5964,NA,NA,40.74,NA,NA
2014.6235,NA,NA,43.84,NA,NA
2014.6507,NA,NA,45.64,NA,NA
2014.6777,NA,NA,46.44,NA,NA
2014.705,NA,NA,47.54,NA,NA
2014.7322,NA,NA,45.74,NA,NA
2014.7593,NA,NA,48.64,NA,NA
2014.7864,NA,NA,52.34,NA,NA
2014.8136,NA,NA,52.04,NA,NA
2014.8407,NA,NA,49.34,NA,NA
2014.8679,NA,NA,48.84,NA,NA
2014.895,NA,NA,44.64,NA,NA
2014.9222,NA,NA,45.04,NA,NA
2014.9493,NA,NA,52.14,NA,NA
2014.9776,NA,NA,48.44,NA,NA
2015.0036,NA,NA,43.54,NA,NA
2015.0308,NA,NA,45.64,NA,NA
2015.0579,NA,NA,44.44,NA,NA
2015.085,NA,NA,45.64,NA,NA
2015.1122,NA,NA,45.24,NA,NA
2015.1394,NA,NA,46.84,NA,NA
2015.1664,NA,NA,45.44,NA,NA
2015.1936,NA,NA,43.64,NA,NA
2015.2207,NA,NA,42.84,NA,NA
2015.2479,NA,NA,43.94,NA,NA
2015.275,NA,NA,44.84,NA,NA
2015.3023,NA,NA,43.84,NA,NA
2015.3293,NA,NA,43.04,NA,NA
2015.3565,NA,NA,41.74,NA,NA
2015.3837,NA,NA,39.84,NA,NA
2015.4108,NA,NA,42.14,NA,NA
2015.438,NA,NA,43.44,NA,NA
2015.465,NA,NA,44.34,NA,NA
2015.4923,NA,NA,45.84,NA,NA
2015.5194,NA,NA,45.24,NA,NA
2015.5466,NA,NA,46.44,NA,NA
2015.5736,NA,NA,47.54,NA,NA
2015.6009,NA,NA,50.74,NA,NA
2015.628,NA,NA,50.74,NA,NA
2015.6551,NA,NA,55.84,NA,NA
2015.6823,NA,NA,57.54,NA,NA
2015.7094,NA,NA,57.14,NA,NA
2015.7366,NA,NA,59.84,NA,NA
2015.7638,NA,NA,61.24,NA,NA
2015.7909,NA,NA,62.14,NA,NA
2015.8181,NA,NA,64.24,NA,NA
2015.8452,NA,NA,60.54,NA,NA
2015.8723,NA,NA,56.54,NA,NA
2015.8995,NA,NA,58.64,NA,NA
2015.9267,NA,NA,58.44,NA,NA
2015.9538,NA,NA,56.24,NA,NA
2015.981,NA,NA,54.44,NA,NA
2016.008,NA,NA,49.54,NA,NA
2016.0353,NA,NA,51.84,NA,NA
2016.0624,NA,NA,55.04,NA,NA
2016.0896,NA,NA,50.74,NA,NA
2016.1167,NA,NA,52.94,NA,NA
2016.1228,NA,NA,NA,NA,NA
2016.1438,NA,NA,51.24,NA,NA
2016.171,NA,NA,51.14,NA,NA
2016.1958,NA,NA,NA,NA,NA
2016.1981,NA,NA,48.84,NA,NA
2016.2252,NA,NA,51.54,NA,NA
2016.2513,NA,NA,49.54,NA,NA
2016.2524,NA,NA,NA,NA,NA
2016.2795,NA,NA,48.54,NA,NA
2016.2796,NA,NA,NA,NA,NA
2016.3067,NA,NA,47.34,NA,NA
2016.3338,NA,NA,47.04,NA,NA
2016.3339,NA,NA,NA,NA,NA
2016.361,NA,NA,46.64,NA,NA
2016.3881,NA,NA,45.34,NA,NA
2016.4153,NA,NA,48.04,NA,NA
2016.4425,NA,NA,48.04,NA,NA
2016.4696,NA,NA,50.54,NA,NA
2016.4967,NA,NA,48.74,NA,NA
2016.4968,NA,NA,NA,NA,NA
2016.5238,NA,NA,48.74,NA,NA
2016.5239,NA,NA,NA,NA,NA
2016.5511,NA,NA,49.84,NA,NA
2016.5781,NA,NA,48.64,NA,NA
2016.5782,NA,NA,NA,NA,NA
2016.6053,NA,NA,49.64,NA,NA
2016.6325,NA,NA,50.14,NA,NA
2016.6596,NA,NA,55.14,NA,NA
2016.6868,NA,NA,57.54,NA,NA
2016.7139,NA,NA,57.34,NA,NA
2016.7411,NA,NA,56.04,NA,NA
2016.7682,NA,NA,NA,NA,NA
2016.7905,NA,NA,56.24,NA,NA
2016.7954,NA,NA,NA,NA,NA
2016.8089,NA,NA,60.14,NA,NA
2016.8226,NA,NA,NA,NA,NA
2016.8361,NA,NA,59.64,NA,NA
2016.8497,NA,NA,NA,NA,NA
2016.8633,NA,NA,60.24,NA,NA
2016.8768,NA,NA,NA,NA,NA
2016.8904,NA,NA,61.04,NA,NA
2016.904,NA,NA,NA,NA,NA
2016.9175,NA,NA,60.54,NA,NA
2016.9298,NA,NA,NA,NA,NA
2016.9446,NA,NA,58.54,NA,NA
2016.9583,NA,NA,NA,NA,NA
2016.9718,NA,NA,56.84,NA,NA
2016.9854,NA,NA,NA,NA,NA
2016.999,NA,NA,53.24,NA,NA
2017.0126,NA,NA,NA,NA,NA
2017.0261,NA,NA,54.44,NA,NA
2017.0397,NA,NA,NA,NA,NA
2017.0532,NA,NA,53.54,NA,NA
2017.0669,NA,NA,NA,NA,NA
2017.0804,NA,NA,51.14,NA,NA
2017.094,NA,NA,NA,NA,NA
2017.1075,NA,NA,47.64,NA,NA
2017.1212,NA,NA,NA,NA,NA
2017.1347,NA,NA,49.24,NA,NA
2017.1483,NA,NA,NA,NA,NA
2017.1619,NA,NA,47.94,NA,NA
2017.1755,NA,NA,NA,NA,NA
2017.189,NA,NA,49.74,NA,NA
2017.2026,NA,NA,NA,NA,NA
2017.2035,NA,NA,50.94,NA,NA
2017.2297,NA,NA,NA,NA,NA
2017.2507,NA,NA,50.74,NA,NA
2017.2569,NA,NA,NA,NA,NA
2017.2704,NA,NA,49.44,NA,NA
2017.284,NA,NA,NA,NA,NA
2017.2976,NA,NA,50.84,NA,NA
2017.3111,NA,NA,NA,NA,NA
2017.3247,NA,NA,48.84,NA,NA
2017.3383,NA,NA,NA,NA,NA
2017.3521,NA,NA,48.04,NA,NA
2017.3655,NA,NA,NA,NA,NA
2017.3714,NA,NA,47.04,NA,NA
2017.3926,NA,NA,NA,NA,NA
2017.4198,NA,NA,NA,NA,NA
2017.447,NA,NA,NA,NA,NA
2017.4741,NA,NA,NA,NA,NA
2017.5012,NA,NA,NA,NA,NA
2017.5284,NA,NA,NA,NA,NA
2017.5555,NA,NA,NA,NA,NA
2017.5827,NA,NA,NA,NA,NA
2017.6098,NA,NA,NA,NA,NA
2017.637,NA,NA,NA,NA,NA
2017.6641,NA,NA,NA,NA,NA
2017.6913,NA,NA,NA,NA,NA
2017.7185,NA,NA,NA,NA,NA
2017.7456,NA,NA,NA,NA,NA
2017.7727,NA,NA,NA,NA,NA
2017.7999,NA,NA,NA,NA,NA
2017.8271,NA,NA,NA,NA,NA
2017.8542,NA,NA,NA,NA,NA
2017.8813,NA,NA,NA,NA,NA
2017.9085,NA,NA,NA,NA,NA
2017.9356,NA,NA,NA,NA,NA
2017.9628,NA,NA,NA,NA,NA
2017.9899,NA,NA,NA,NA,NA
2018.017,NA,NA,NA,NA,NA
2018.0442,NA,NA,NA,NA,NA
2018.0713,NA,NA,NA,NA,NA
2018.0985,NA,NA,NA,NA,NA
2018.1256,NA,NA,NA,NA,NA
2018.1527,NA,NA,NA,NA,NA
2018.1799,NA,NA,NA,NA,NA
2018.2071,NA,NA,NA,NA,NA
2018.2342,NA,NA,NA,NA,NA
2018.2614,NA,NA,NA,NA,NA
2018.2886,NA,NA,NA,NA,NA
2018.3156,NA,NA,NA,NA,NA
2018.3428,NA,NA,NA,NA,NA
2018.37,NA,NA,NA,NA,NA
2018.3971,NA,NA,NA,NA,NA
2018.4243,NA,NA,NA,NA,NA
2018.4514,NA,NA,NA,NA,NA
2018.4786,NA,NA,NA,NA,NA
2018.5057,NA,NA,NA,NA,NA
2018.5328,NA,NA,NA,NA,NA
2018.56,NA,NA,NA,NA,NA
2018.5871,NA,NA,NA,NA,NA
2018.6143,NA,NA,NA,NA,NA
2018.6415,NA,NA,NA,NA,NA
2018.6686,NA,NA,NA,NA,NA
2018.6958,NA,NA,NA,NA,NA
2018.7229,NA,NA,NA,NA,NA
2018.75,NA,NA,NA,NA,NA
2018.7772,NA,NA,NA,NA,NA
2018.8044,NA,NA,NA,NA,NA
2018.8315,NA,NA,NA,NA,NA
2018.8586,NA,NA,NA,NA,NA
2018.8858,NA,NA,NA,NA,NA
2018.9129,NA,NA,NA,NA,NA
2018.9401,NA,NA,NA,NA,NA
2018.9673,NA,NA,NA,NA,NA
2018.9944,NA,NA,NA,NA,NA
2019.0215,NA,NA,NA,NA,NA
2019.0487,NA,NA,NA,NA,NA
2019.0758,NA,NA,NA,NA,NA
2019.103,NA,NA,NA,NA,NA
2019.1301,NA,NA,NA,NA,NA
2019.1463,NA,NA,NA,NA,NA
2019.1877,NA,NA,NA,NA,NA
2019.2115,NA,NA,NA,NA,NA
2019.2387,NA,NA,NA,NA,NA
2019.2596,NA,NA,NA,NA,NA
2019.293,NA,NA,NA,NA,NA
2019.3202000000001,NA,NA,NA,NA,NA
2019.3473,NA,NA,NA,NA,NA
2019.3745,NA,NA,NA,NA,NA
2019.4016,NA,NA,NA,NA,NA
2019.4287,NA,NA,NA,NA,NA
2019.4559,NA,NA,NA,NA,NA
2019.483,NA,NA,NA,NA,NA
2019.5102,NA,NA,NA,NA,NA
2019.5374,NA,NA,NA,NA,NA
2019.5645,NA,NA,NA,NA,NA
2019.5917,NA,NA,NA,NA,NA
2019.6187,NA,NA,NA,NA,NA
2019.6459,NA,NA,NA,NA,NA
2019.6731,NA,NA,NA,NA,NA
2019.7002,NA,NA,NA,NA,NA
2019.7274,NA,NA,NA,NA,NA
2019.7545,NA,NA,NA,NA,NA
2019.7817,NA,NA,NA,NA,NA
2019.8088,NA,NA,NA,NA,NA
2019.836,NA,NA,NA,NA,NA
2019.8631,NA,NA,NA,NA,NA
2019.8903,NA,NA,NA,NA,NA
2019.9174,NA,NA,NA,NA,NA
2019.9446,NA,NA,NA,NA,NA
2019.9717,NA,NA,NA,NA,NA
2019.9989,NA,NA,NA,NA,NA
2020.026,NA,NA,NA,NA,NA
2020.0531,NA,NA,NA,NA,NA
2020.0749,NA,NA,NA,NA,NA
2020.1119,NA,NA,NA,NA,NA
2020.1346,NA,NA,NA,NA,NA
2020.1617,NA,NA,NA,NA,NA
2020.1889,NA,NA,NA,NA,NA
2020.216,NA,NA,NA,NA,NA
2020.2432,NA,NA,NA,NA,NA
2020.2703,NA,NA,NA,NA,NA
2020.2975,NA,NA,NA,NA,NA
2020.3247,NA,NA,NA,NA,NA
2020.3518,NA,NA,NA,NA,NA
2020.3789,NA,NA,NA,NA,NA
2020.4061,NA,NA,NA,NA,NA
2020.4332,NA,NA,NA,NA,NA
2020.4595,NA,NA,NA,NA,NA
2020.4875,NA,NA,NA,NA,NA
2020.5147,NA,NA,NA,NA,NA
2020.5418,NA,NA,NA,NA,NA
2020.569,NA,NA,NA,NA,NA
2020.5961,NA,NA,NA,NA,NA
2020.6233,NA,NA,NA,NA,NA
2020.6504,NA,NA,NA,NA,NA
2020.6776,NA,NA,NA,NA,NA
2020.7048,NA,NA,NA,NA,NA
2020.7319,NA,NA,NA,NA,NA
2020.759,NA,NA,NA,NA,NA
2020.7862,NA,NA,NA,NA,NA
2020.8115,NA,NA,NA,NA,NA
2020.8413,NA,NA,NA,NA,NA
2020.8676,NA,NA,NA,NA,NA
2020.8948,NA,NA,NA,NA,NA
2020.9219,NA,NA,NA,NA,NA
2020.949,NA,NA,NA,NA,NA
2020.9762,NA,NA,NA,NA,NA
2020.9768,NA,NA,NA,NA,71.08
2021.0034,NA,NA,NA,NA,70.08
2021.0304,NA,NA,NA,NA,69.68
2021.0305,NA,NA,NA,NA,NA
2021.0576,NA,NA,NA,NA,67.48
2021.0848,NA,NA,NA,NA,68.78
2021.1119,NA,NA,NA,NA,66.88
2021.139,NA,NA,NA,NA,62.88
2021.1391,NA,NA,NA,NA,NA
2021.1656,NA,NA,NA,NA,60.88
2021.1662,NA,NA,NA,NA,NA
2021.1933,NA,NA,NA,NA,60.38
2021.1934,NA,NA,NA,NA,NA
2021.2205,NA,NA,NA,NA,NA
2021.2217,NA,NA,NA,NA,60.88
2021.2477,NA,NA,NA,NA,63.78
2021.2748,NA,NA,NA,NA,66.48
2021.3015,NA,NA,NA,NA,NA
2021.302,NA,NA,NA,NA,64.48
2021.3291,NA,NA,NA,NA,NA
2021.3301,NA,NA,NA,NA,61.28
2021.3562,NA,NA,NA,NA,63.68
2021.3563,NA,NA,NA,NA,NA
2021.3834,NA,NA,NA,NA,65.38
2021.4105,NA,NA,NA,NA,64.98
2021.4377,NA,NA,NA,NA,62.28
2021.4649,NA,NA,NA,NA,66.78
2021.4919,NA,NA,NA,NA,66.78
2021.492,NA,NA,NA,NA,NA
2021.5191,NA,NA,NA,NA,67.58
2021.5192,NA,NA,NA,NA,NA
2021.5463,NA,NA,NA,NA,66.78
2021.5735,NA,NA,NA,NA,71.58
2021.6005,NA,NA,NA,NA,NA
2021.6006,NA,NA,NA,NA,75.38
2021.6278,NA,NA,NA,NA,74.88
2021.6549,NA,NA,NA,NA,71.08
2021.6821,NA,NA,NA,NA,73.58
2021.7092,NA,NA,NA,NA,NA
2021.7094,NA,NA,NA,NA,76.98
2021.7363,NA,NA,NA,NA,78.18
2021.7635,NA,NA,NA,NA,81.78
2021.7906,NA,NA,NA,NA,80.88
2021.8178,NA,NA,NA,NA,82.18
2021.8449,NA,NA,NA,NA,78.58
2021.8721,NA,NA,NA,NA,76.18
2021.8992,NA,NA,NA,NA,79.28
2021.9264,NA,NA,NA,NA,81.78
2021.9535,NA,NA,NA,NA,76.28
2021.9807,NA,NA,NA,NA,70.88
2022.0078,NA,NA,NA,NA,70.98
2022.035,NA,NA,NA,NA,71.88
2022.0621,NA,NA,NA,NA,74.28
2022.0622,NA,NA,NA,NA,NA
2022.0892,NA,NA,NA,NA,NA
2022.0893,NA,NA,NA,NA,71.58
2022.1164,NA,NA,NA,NA,NA
2022.1166,NA,NA,NA,NA,71.48
2022.1435,NA,NA,NA,NA,68.48
2022.1707,NA,NA,NA,NA,65.88
2022.1979,NA,NA,NA,NA,67.78
2022.225,NA,NA,NA,NA,67.98
2022.2522,NA,NA,NA,NA,69.18
2022.2659,NA,NA,NA,NA,NA
2022.2793,NA,NA,NA,NA,68.08
2022.3064,NA,NA,NA,NA,64.38
2022.32,NA,NA,NA,NA,NA
2022.3336,NA,NA,NA,NA,66.48
2022.339,NA,NA,NA,NA,NA
2022.3607,NA,NA,NA,NA,64.48
2022.3661,NA,NA,NA,NA,NA
2022.3879,NA,NA,NA,NA,65.78
2022.3933,NA,NA,NA,NA,NA
2022.415,NA,NA,NA,NA,64.68
2022.4204,NA,NA,NA,NA,NA
2022.4422,NA,NA,NA,NA,66.48
2022.4476,NA,NA,NA,NA,NA
2022.4693,NA,NA,NA,NA,64.98
2022.4747,NA,NA,NA,NA,NA
2022.4965,NA,NA,NA,NA,68.38
2022.5019,NA,NA,NA,NA,NA
2022.5236,NA,NA,NA,NA,70.78
2022.5291,NA,NA,NA,NA,NA
2022.5508,NA,NA,NA,NA,73.98
2022.5562,NA,NA,NA,NA,NA
2022.5779,NA,NA,NA,NA,72.38
2022.5833,NA,NA,NA,NA,NA
2022.605,NA,NA,NA,NA,68.68
2022.6104,NA,NA,NA,NA,NA
2022.6323,NA,NA,NA,NA,71.38
2022.6376,NA,NA,NA,NA,NA
2022.6594,NA,NA,NA,NA,73.58
2022.6648,NA,NA,NA,NA,NA
2022.6865,NA,NA,NA,NA,78.38
2022.6919,NA,NA,NA,NA,NA
2022.7137,NA,NA,NA,NA,80.98
2022.7191,NA,NA,NA,NA,NA
2022.7408,NA,NA,NA,NA,82.18
2022.7463,NA,NA,NA,NA,NA
2022.768,NA,NA,NA,NA,81.78
2022.7734,NA,NA,NA,NA,NA
2022.7951,NA,NA,NA,NA,81.98
2022.8005,NA,NA,NA,NA,NA
2022.8222,NA,NA,NA,NA,81.58
2022.8277,NA,NA,NA,NA,NA
2022.8494,NA,NA,NA,NA,85.18
2022.8548,NA,NA,NA,NA,NA
2022.8766,NA,NA,NA,NA,80.78
2022.882,NA,NA,NA,NA,NA
2022.9037,NA,NA,NA,NA,80.48
2022.9091,NA,NA,NA,NA,NA
2022.9309,NA,NA,NA,NA,75.98
2022.9358,NA,NA,NA,NA,NA
2022.958,NA,NA,NA,NA,80.18
2022.9634,NA,NA,NA,NA,NA
2022.9852,NA,NA,NA,NA,80.48
2022.9906,NA,NA,NA,NA,NA
2023.0123,NA,NA,NA,NA,78.98
2023.0177,NA,NA,NA,NA,NA
2023.0395,NA,NA,NA,NA,79.38
2023.0449,NA,NA,NA,NA,NA
2023.0666,NA,NA,NA,NA,77.58
2023.0721,NA,NA,NA,NA,NA
2023.0937,NA,NA,NA,NA,73.58
2023.0992,NA,NA,NA,NA,NA
2023.1209,NA,NA,NA,NA,71.08
2023.1263,NA,NA,NA,NA,NA
2023.148,NA,NA,NA,NA,70.48
2023.1534,NA,NA,NA,NA,NA
2023.1752,NA,NA,NA,NA,73.58
2023.1806,NA,NA,NA,NA,NA
2023.2023,NA,NA,NA,NA,74.28
2023.2077,NA,NA,NA,NA,NA
2023.2295,NA,NA,NA,NA,70.38
2023.2349,NA,NA,NA,NA,NA
2023.2566,NA,NA,NA,NA,67.48
2023.2621,NA,NA,NA,NA,NA
2023.2838,NA,NA,NA,NA,65.08
2023.2889,NA,NA,NA,NA,NA
2023.3109,NA,NA,NA,NA,68.68
2023.3163,NA,NA,NA,NA,NA
2023.3381,NA,NA,NA,NA,69.78
2023.3435,NA,NA,NA,NA,NA
2023.3652,NA,NA,NA,NA,73.68
2023.3707,NA,NA,NA,NA,NA
2023.3924,NA,NA,NA,NA,71.78
2023.3978,NA,NA,NA,NA,NA
2023.4195,NA,NA,NA,NA,71.18
2023.4249,NA,NA,NA,NA,NA
2023.4467,NA,NA,NA,NA,70.48
2023.452,NA,NA,NA,NA,NA
2023.4739,NA,NA,NA,NA,71.18
2023.4792,NA,NA,NA,NA,NA
2023.501,NA,NA,NA,NA,74.68
2023.5064,NA,NA,NA,NA,NA
2023.5281,NA,NA,NA,NA,78.48
2023.5335,NA,NA,NA,NA,NA
2023.5552,NA,NA,NA,NA,76.68
2023.5607,NA,NA,NA,NA,NA
2023.5824,NA,NA,NA,NA,77.18
2023.5878,NA,NA,NA,NA,NA
2023.6096,NA,NA,NA,NA,79.38
2023.6149,NA,NA,NA,NA,NA
2023.6367,NA,NA,NA,NA,78.38
2023.6421,NA,NA,NA,NA,NA
2023.6639,NA,NA,NA,NA,84.28
2023.6693,NA,NA,NA,NA,NA
2023.691,NA,NA,NA,NA,83.88
2023.6964,NA,NA,NA,NA,NA
2023.7182,NA,NA,NA,NA,87.68
2023.7236,NA,NA,NA,NA,NA
2023.7453,NA,NA,NA,NA,88.78
2023.7507,NA,NA,NA,NA,NA
2023.7724,NA,NA,NA,NA,91.48
2023.7779,NA,NA,NA,NA,NA
2023.7996,NA,NA,NA,NA,94.88
2023.805,NA,NA,NA,NA,NA
2023.8268,NA,NA,NA,NA,90.28
2023.8322,NA,NA,NA,NA,NA
2023.8539,NA,NA,NA,NA,90.78
2023.8593,NA,NA,NA,NA,NA
2023.881,NA,NA,NA,NA,88.28
2023.8865,NA,NA,NA,NA,NA
2023.9082,NA,NA,NA,NA,82.88
2023.9136,NA,NA,NA,NA,NA
2023.9354,NA,NA,NA,NA,83.88
2023.9408,NA,NA,NA,NA,NA
2023.9625,NA,NA,NA,NA,84.58
2023.9679,NA,NA,NA,NA,NA
2023.9896,NA,NA,NA,NA,85.78
2023.995,NA,NA,NA,NA,NA
2024.0168,NA,NA,NA,NA,85.98
2024.0222,NA,NA,NA,NA,NA
2024.0439,NA,NA,NA,NA,84.38
2024.0493,NA,NA,NA,NA,NA
2024.0711,NA,NA,NA,NA,83.38
2024.0765,NA,NA,NA,NA,NA
2024.0982,NA,NA,NA,NA,78.08
2024.1036,NA,NA,NA,NA,NA
2024.1254,NA,NA,NA,NA,80.38
2024.1308,NA,NA,NA,NA,NA
2024.1525,NA,NA,NA,NA,81.58
2024.1579,NA,NA,NA,NA,NA
2024.1796,NA,NA,NA,NA,80.18
2024.185,NA,NA,NA,NA,NA
2024.2068,NA,NA,NA,NA,80.98
2024.2122,NA,NA,NA,NA,NA
2024.234,NA,NA,NA,NA,78.58
2024.2394,NA,NA,NA,NA,NA
2024.2611,NA,NA,NA,NA,76.28
2024.2665,NA,NA,NA,NA,NA
2024.2883,NA,NA,NA,NA,75.78
2024.2937,NA,NA,NA,NA,NA
2024.3154,NA,NA,NA,NA,75.38
2024.3208,NA,NA,NA,NA,NA
2024.3425,NA,NA,NA,NA,76.28
2024.3479,NA,NA,NA,NA,NA
2024.3697,NA,NA,NA,NA,77.18
2024.3751,NA,NA,NA,NA,NA
2024.3968,NA,NA,NA,NA,76.08
2024.4023,NA,NA,NA,NA,NA
2024.424,NA,NA,NA,NA,76.58
2024.4294,NA,NA,NA,NA,NA
2024.4512,NA,NA,NA,NA,77.38
2024.4566,NA,NA,NA,NA,NA
2024.4783,NA,NA,NA,NA,75.78
2024.4837,NA,NA,NA,NA,NA
2024.5054,NA,NA,NA,NA,78.08
2024.511,NA,NA,NA,NA,NA
2024.5326,NA,NA,NA,NA,78.18
2024.538,NA,NA,NA,NA,NA
2024.5597,NA,NA,NA,NA,75.38
2024.5652,NA,NA,NA,NA,NA
2024.5869,NA,NA,NA,NA,74.48
2024.5923,NA,NA,NA,NA,NA
2024.614,NA,NA,NA,NA,76.68
2024.6194,NA,NA,NA,NA,NA
2024.6412,NA,NA,NA,NA,82.08
2024.6466,NA,NA,NA,NA,NA
2024.6683,NA,NA,NA,NA,83.18
2024.6738,NA,NA,NA,NA,NA
2024.6955,NA,NA,NA,NA,84.68
2024.7009,NA,NA,NA,NA,NA
2024.7226,NA,NA,NA,NA,82.88
2024.728,NA,NA,NA,NA,NA
2024.7498,NA,NA,NA,NA,85.48
2024.7552,NA,NA,NA,NA,NA
2024.7769,NA,NA,NA,NA,91.08
2024.7823,NA,NA,NA,NA,NA
2024.8041,NA,NA,NA,NA,92.48
2024.8095,NA,NA,NA,NA,NA
2024.8312,NA,NA,NA,NA,88.68
2024.8366,NA,NA,NA,NA,NA
2024.8584,NA,NA,NA,NA,91.08
2024.8637,NA,NA,NA,NA,NA
2024.8855,NA,NA,NA,NA,90.58
2024.8911,NA,NA,NA,NA,NA
2024.9127,NA,NA,NA,NA,88.58
2024.9181,NA,NA,NA,NA,NA
2024.9398,NA,NA,NA,NA,87.98
2024.9453,NA,NA,NA,NA,NA
2024.967,NA,NA,NA,NA,92.18
2024.9724,NA,NA,NA,NA,NA
2024.9941,NA,NA,NA,NA,89.78
2024.9995,NA,NA,NA,NA,NA
2025.0197,NA,NA,NA,NA,NA
2025.0213,NA,NA,NA,NA,86.98
2025.0484,NA,NA,NA,NA,83.28
2025.0756,NA,NA,NA,NA,81.18
2025.1027,NA,NA,NA,NA,80.28
2025.1268,NA,NA,NA,NA,80.98
